{
  "hash": "dcc3c5e0",
  "configHash": "1bf20f19",
  "lockfileHash": "23414c20",
  "browserHash": "999f1dae",
  "optimized": {
    "@angular/common": {
      "src": "../../../../../../node_modules/@angular/common/fesm2022/common.mjs",
      "file": "@angular_common.js",
      "fileHash": "7e10b25e",
      "needsInterop": false
    },
    "@angular/common/http": {
      "src": "../../../../../../node_modules/@angular/common/fesm2022/http.mjs",
      "file": "@angular_common_http.js",
      "fileHash": "a8038da5",
      "needsInterop": false
    },
    "@angular/core": {
      "src": "../../../../../../node_modules/@angular/core/fesm2022/core.mjs",
      "file": "@angular_core.js",
      "fileHash": "5368c859",
      "needsInterop": false
    },
    "@angular/forms": {
      "src": "../../../../../../node_modules/@angular/forms/fesm2022/forms.mjs",
      "file": "@angular_forms.js",
      "fileHash": "1bd3a29d",
      "needsInterop": false
    },
    "@angular/platform-browser": {
      "src": "../../../../../../node_modules/@angular/platform-browser/fesm2022/platform-browser.mjs",
      "file": "@angular_platform-browser.js",
      "fileHash": "396a76f7",
      "needsInterop": false
    },
    "@angular/router": {
      "src": "../../../../../../node_modules/@angular/router/fesm2022/router.mjs",
      "file": "@angular_router.js",
      "fileHash": "50855c7f",
      "needsInterop": false
    },
    "@stripe/stripe-js": {
      "src": "../../../../../../node_modules/@stripe/stripe-js/lib/index.mjs",
      "file": "@stripe_stripe-js.js",
      "fileHash": "08cb2818",
      "needsInterop": false
    },
    "rxjs": {
      "src": "../../../../../../node_modules/rxjs/dist/esm5/index.js",
      "file": "rxjs.js",
      "fileHash": "fa0a5da1",
      "needsInterop": false
    },
    "rxjs/operators": {
      "src": "../../../../../../node_modules/rxjs/dist/esm5/operators/index.js",
      "file": "rxjs_operators.js",
      "fileHash": "6520c546",
      "needsInterop": false
    }
  },
  "chunks": {
    "chunk-O4AHFQIR": {
      "file": "chunk-O4AHFQIR.js"
    },
    "chunk-45QVIDVV": {
      "file": "chunk-45QVIDVV.js"
    },
    "chunk-B3SRFQJ5": {
      "file": "chunk-B3SRFQJ5.js"
    },
    "chunk-ZJ25XCV3": {
      "file": "chunk-ZJ25XCV3.js"
    },
    "chunk-GNURAXZQ": {
      "file": "chunk-GNURAXZQ.js"
    },
    "chunk-HWYXSU2G": {
      "file": "chunk-HWYXSU2G.js"
    },
    "chunk-JRFR6BLO": {
      "file": "chunk-JRFR6BLO.js"
    },
    "chunk-MARUHEWW": {
      "file": "chunk-MARUHEWW.js"
    },
    "chunk-GOMI4DH3": {
      "file": "chunk-GOMI4DH3.js"
    }
  }
}