{
  "realm": "insurance-realm",
  "enabled": true,
  "sslRequired": "external",
  "clients": [
    {
      "clientId": "client-app",
      "enabled": true,
      "publicClient": false,
      "secret": "TT68DbOBqTpknmDevD7TUouG8Kv1rYoy",
      "redirectUris": [
        "http://localhost:8081/login/oauth2/code/keycloak",
        "http://localhost:8081/*",
        "http://localhost:8082/login/oauth2/code/keycloak",
        "http://localhost:8082/*"
      ],
      "protocol": "openid-connect",
      "standardFlowEnabled": true,
      "implicitFlowEnabled": false,
      "directAccessGrantsEnabled": true,
      "serviceAccountsEnabled": false,
      "attributes": {
        "post.logout.redirect.uri": "/"
      }
    }
  ],
  "users": [
    {
      "username": "testuser",
      "enabled": true,
      "emailVerified": true,
      "email": "testuser@example.com",
      "credentials": [
        {
          "type": "password",
          "value": "password",
          "temporary": false
        }
      ]
    }
  ]
}
